ruta,real,pred
/home/Agusti/tercero/primer_quatri/computadores/proyecto_final/dataset/arandelas/IMG_6794.png,arandelas,arandelas
/home/Agusti/tercero/primer_quatri/computadores/proyecto_final/dataset/arandelas/IMG_6797.png,arandelas,tuercas
/home/Agusti/tercero/primer_quatri/computadores/proyecto_final/dataset/arandelas/IMG_6779.png,arandelas,tuercas
/home/Agusti/tercero/primer_quatri/computadores/proyecto_final/dataset/arandelas/IMG_6777.png,arandelas,tuercas
/home/Agusti/tercero/primer_quatri/computadores/proyecto_final/dataset/arandelas/IMG_6770.png,arandelas,arandelas
/home/Agusti/tercero/primer_quatri/computadores/proyecto_final/dataset/arandelas/IMG_6683.png,arandelas,arandelas
/home/Agusti/tercero/primer_quatri/computadores/proyecto_final/dataset/arandelas/IMG_6658.png,arandelas,arandelas
/home/Agusti/tercero/primer_quatri/computadores/proyecto_final/dataset/arandelas/IMG_6820.png,arandelas,tuercas
/home/Agusti/tercero/primer_quatri/computadores/proyecto_final/dataset/arandelas/IMG_6766.png,arandelas,arandelas
/home/Agusti/tercero/primer_quatri/computadores/proyecto_final/dataset/arandelas/IMG_6715.png,arandelas,arandelas
/home/Agusti/tercero/primer_quatri/computadores/proyecto_final/dataset/arandelas/IMG_6821.png,arandelas,tuercas
/home/Agusti/tercero/primer_quatri/computadores/proyecto_final/dataset/arandelas/IMG_6718.png,arandelas,arandelas
/home/Agusti/tercero/primer_quatri/computadores/proyecto_final/dataset/arandelas/IMG_6721.png,arandelas,arandelas
/home/Agusti/tercero/primer_quatri/computadores/proyecto_final/dataset/arandelas/IMG_6741.png,arandelas,arandelas
/home/Agusti/tercero/primer_quatri/computadores/proyecto_final/dataset/arandelas/IMG_6761.png,arandelas,arandelas
/home/Agusti/tercero/primer_quatri/computadores/proyecto_final/dataset/arandelas/IMG_6677.png,arandelas,tuercas
/home/Agusti/tercero/primer_quatri/computadores/proyecto_final/dataset/arandelas/IMG_6823.png,arandelas,arandelas
/home/Agusti/tercero/primer_quatri/computadores/proyecto_final/dataset/arandelas/IMG_6800.png,arandelas,arandelas
/home/Agusti/tercero/primer_quatri/computadores/proyecto_final/dataset/arandelas/IMG_6730.png,arandelas,tuercas
/home/Agusti/tercero/primer_quatri/computadores/proyecto_final/dataset/arandelas/IMG_6700.png,arandelas,tuercas
/home/Agusti/tercero/primer_quatri/computadores/proyecto_final/dataset/arandelas/IMG_6828.png,arandelas,arandelas
/home/Agusti/tercero/primer_quatri/computadores/proyecto_final/dataset/arandelas/IMG_6765.png,arandelas,tuercas
/home/Agusti/tercero/primer_quatri/computadores/proyecto_final/dataset/arandelas/IMG_6829.png,arandelas,tuercas
/home/Agusti/tercero/primer_quatri/computadores/proyecto_final/dataset/arandelas/IMG_6662.png,arandelas,tuercas
/home/Agusti/tercero/primer_quatri/computadores/proyecto_final/dataset/arandelas/IMG_6826.png,arandelas,tuercas
/home/Agusti/tercero/primer_quatri/computadores/proyecto_final/dataset/arandelas/IMG_6773.png,arandelas,tuercas
/home/Agusti/tercero/primer_quatri/computadores/proyecto_final/dataset/arandelas/IMG_6817.png,arandelas,tuercas
/home/Agusti/tercero/primer_quatri/computadores/proyecto_final/dataset/arandelas/IMG_6691.png,arandelas,tuercas
/home/Agusti/tercero/primer_quatri/computadores/proyecto_final/dataset/arandelas/IMG_6796.png,arandelas,arandelas
/home/Agusti/tercero/primer_quatri/computadores/proyecto_final/dataset/arandelas/IMG_6769.png,arandelas,arandelas
/home/Agusti/tercero/primer_quatri/computadores/proyecto_final/dataset/arandelas/IMG_6811.png,arandelas,tuercas
/home/Agusti/tercero/primer_quatri/computadores/proyecto_final/dataset/arandelas/IMG_6678.png,arandelas,tuercas
/home/Agusti/tercero/primer_quatri/computadores/proyecto_final/dataset/arandelas/IMG_6792.png,arandelas,tuercas
/home/Agusti/tercero/primer_quatri/computadores/proyecto_final/dataset/arandelas/IMG_6747.png,arandelas,arandelas
/home/Agusti/tercero/primer_quatri/computadores/proyecto_final/dataset/arandelas/IMG_6745.png,arandelas,arandelas
/home/Agusti/tercero/primer_quatri/computadores/proyecto_final/dataset/arandelas/IMG_6671.png,arandelas,tuercas
/home/Agusti/tercero/primer_quatri/computadores/proyecto_final/dataset/arandelas/IMG_6787.png,arandelas,tuercas
/home/Agusti/tercero/primer_quatri/computadores/proyecto_final/dataset/arandelas/IMG_6712.png,arandelas,arandelas
/home/Agusti/tercero/primer_quatri/computadores/proyecto_final/dataset/arandelas/IMG_6802.png,arandelas,arandelas
/home/Agusti/tercero/primer_quatri/computadores/proyecto_final/dataset/arandelas/IMG_6810.png,arandelas,arandelas
/home/Agusti/tercero/primer_quatri/computadores/proyecto_final/dataset/arandelas/IMG_6709.png,arandelas,tuercas
/home/Agusti/tercero/primer_quatri/computadores/proyecto_final/dataset/arandelas/IMG_6673.png,arandelas,tuercas
/home/Agusti/tercero/primer_quatri/computadores/proyecto_final/dataset/arandelas/IMG_6738.png,arandelas,tuercas
/home/Agusti/tercero/primer_quatri/computadores/proyecto_final/dataset/arandelas/IMG_6788.png,arandelas,tuercas
/home/Agusti/tercero/primer_quatri/computadores/proyecto_final/dataset/arandelas/IMG_6660.png,arandelas,tuercas
/home/Agusti/tercero/primer_quatri/computadores/proyecto_final/dataset/arandelas/IMG_6674.png,arandelas,tuercas
/home/Agusti/tercero/primer_quatri/computadores/proyecto_final/dataset/arandelas/IMG_6814.png,arandelas,arandelas
/home/Agusti/tercero/primer_quatri/computadores/proyecto_final/dataset/arandelas/IMG_6739.png,arandelas,tuercas
/home/Agusti/tercero/primer_quatri/computadores/proyecto_final/dataset/arandelas/IMG_6781.png,arandelas,arandelas
/home/Agusti/tercero/primer_quatri/computadores/proyecto_final/dataset/arandelas/IMG_6760.png,arandelas,tuercas
/home/Agusti/tercero/primer_quatri/computadores/proyecto_final/dataset/arandelas/IMG_6771.png,arandelas,tuercas
/home/Agusti/tercero/primer_quatri/computadores/proyecto_final/dataset/arandelas/IMG_6756.png,arandelas,tuercas
/home/Agusti/tercero/primer_quatri/computadores/proyecto_final/dataset/arandelas/IMG_6822.png,arandelas,arandelas
/home/Agusti/tercero/primer_quatri/computadores/proyecto_final/dataset/arandelas/IMG_6729.png,arandelas,tuercas
/home/Agusti/tercero/primer_quatri/computadores/proyecto_final/dataset/arandelas/IMG_6776.png,arandelas,tuercas
/home/Agusti/tercero/primer_quatri/computadores/proyecto_final/dataset/arandelas/IMG_6684.png,arandelas,tuercas
/home/Agusti/tercero/primer_quatri/computadores/proyecto_final/dataset/arandelas/IMG_6726.png,arandelas,tuercas
/home/Agusti/tercero/primer_quatri/computadores/proyecto_final/dataset/arandelas/IMG_6768.png,arandelas,arandelas
/home/Agusti/tercero/primer_quatri/computadores/proyecto_final/dataset/arandelas/IMG_6809.png,arandelas,arandelas
/home/Agusti/tercero/primer_quatri/computadores/proyecto_final/dataset/arandelas/IMG_6784.png,arandelas,arandelas
/home/Agusti/tercero/primer_quatri/computadores/proyecto_final/dataset/arandelas/IMG_6713.png,arandelas,tuercas
/home/Agusti/tercero/primer_quatri/computadores/proyecto_final/dataset/arandelas/IMG_6767.png,arandelas,arandelas
/home/Agusti/tercero/primer_quatri/computadores/proyecto_final/dataset/arandelas/IMG_6780.png,arandelas,tuercas
/home/Agusti/tercero/primer_quatri/computadores/proyecto_final/dataset/arandelas/IMG_6716.png,arandelas,tuercas
/home/Agusti/tercero/primer_quatri/computadores/proyecto_final/dataset/arandelas/IMG_6830.png,arandelas,tuercas
/home/Agusti/tercero/primer_quatri/computadores/proyecto_final/dataset/arandelas/IMG_6735.png,arandelas,tuercas
/home/Agusti/tercero/primer_quatri/computadores/proyecto_final/dataset/arandelas/IMG_6711.png,arandelas,tuercas
/home/Agusti/tercero/primer_quatri/computadores/proyecto_final/dataset/arandelas/IMG_6727.png,arandelas,tuercas
/home/Agusti/tercero/primer_quatri/computadores/proyecto_final/dataset/arandelas/IMG_6803.png,arandelas,tuercas
/home/Agusti/tercero/primer_quatri/computadores/proyecto_final/dataset/arandelas/IMG_6816.png,arandelas,tuercas
/home/Agusti/tercero/primer_quatri/computadores/proyecto_final/dataset/arandelas/IMG_6688.png,arandelas,tuercas
/home/Agusti/tercero/primer_quatri/computadores/proyecto_final/dataset/arandelas/IMG_6778.png,arandelas,tuercas
/home/Agusti/tercero/primer_quatri/computadores/proyecto_final/dataset/arandelas/IMG_6742.png,arandelas,arandelas
/home/Agusti/tercero/primer_quatri/computadores/proyecto_final/dataset/arandelas/IMG_6719.png,arandelas,arandelas
/home/Agusti/tercero/primer_quatri/computadores/proyecto_final/dataset/arandelas/IMG_6732.png,arandelas,tuercas
/home/Agusti/tercero/primer_quatri/computadores/proyecto_final/dataset/arandelas/IMG_6808.png,arandelas,tuercas
/home/Agusti/tercero/primer_quatri/computadores/proyecto_final/dataset/arandelas/IMG_6815.png,arandelas,tuercas
/home/Agusti/tercero/primer_quatri/computadores/proyecto_final/dataset/arandelas/IMG_6667.png,arandelas,tuercas
/home/Agusti/tercero/primer_quatri/computadores/proyecto_final/dataset/arandelas/IMG_6697.png,arandelas,tuercas
/home/Agusti/tercero/primer_quatri/computadores/proyecto_final/dataset/arandelas/IMG_6722.png,arandelas,arandelas
/home/Agusti/tercero/primer_quatri/computadores/proyecto_final/dataset/arandelas/IMG_6672.png,arandelas,tuercas
/home/Agusti/tercero/primer_quatri/computadores/proyecto_final/dataset/arandelas/IMG_6755.png,arandelas,tuercas
/home/Agusti/tercero/primer_quatri/computadores/proyecto_final/dataset/arandelas/IMG_6818.png,arandelas,tuercas
/home/Agusti/tercero/primer_quatri/computadores/proyecto_final/dataset/arandelas/IMG_6807.png,arandelas,tuercas
/home/Agusti/tercero/primer_quatri/computadores/proyecto_final/dataset/arandelas/IMG_6763.png,arandelas,arandelas
/home/Agusti/tercero/primer_quatri/computadores/proyecto_final/dataset/arandelas/IMG_6785.png,arandelas,arandelas
/home/Agusti/tercero/primer_quatri/computadores/proyecto_final/dataset/arandelas/IMG_6689.png,arandelas,tuercas
/home/Agusti/tercero/primer_quatri/computadores/proyecto_final/dataset/arandelas/IMG_6824.png,arandelas,tuercas
/home/Agusti/tercero/primer_quatri/computadores/proyecto_final/dataset/arandelas/IMG_6681.png,arandelas,tuercas
/home/Agusti/tercero/primer_quatri/computadores/proyecto_final/dataset/arandelas/IMG_6725.png,arandelas,tuercas
/home/Agusti/tercero/primer_quatri/computadores/proyecto_final/dataset/arandelas/IMG_6795.png,arandelas,tuercas
/home/Agusti/tercero/primer_quatri/computadores/proyecto_final/dataset/arandelas/IMG_6774.png,arandelas,tuercas
/home/Agusti/tercero/primer_quatri/computadores/proyecto_final/dataset/arandelas/IMG_6665.png,arandelas,tuercas
/home/Agusti/tercero/primer_quatri/computadores/proyecto_final/dataset/arandelas/IMG_6657.png,arandelas,tuercas
/home/Agusti/tercero/primer_quatri/computadores/proyecto_final/dataset/arandelas/IMG_6734.png,arandelas,tuercas
/home/Agusti/tercero/primer_quatri/computadores/proyecto_final/dataset/arandelas/IMG_6723.png,arandelas,arandelas
/home/Agusti/tercero/primer_quatri/computadores/proyecto_final/dataset/arandelas/IMG_6754.png,arandelas,tuercas
/home/Agusti/tercero/primer_quatri/computadores/proyecto_final/dataset/arandelas/IMG_6670.png,arandelas,tuercas
/home/Agusti/tercero/primer_quatri/computadores/proyecto_final/dataset/arandelas/IMG_6704.png,arandelas,tuercas
/home/Agusti/tercero/primer_quatri/computadores/proyecto_final/dataset/arandelas/IMG_6696.png,arandelas,tuercas
/home/Agusti/tercero/primer_quatri/computadores/proyecto_final/dataset/arandelas/IMG_6702.png,arandelas,tuercas
/home/Agusti/tercero/primer_quatri/computadores/proyecto_final/dataset/arandelas/IMG_6706.png,arandelas,tuercas
/home/Agusti/tercero/primer_quatri/computadores/proyecto_final/dataset/arandelas/IMG_6701.png,arandelas,tuercas
/home/Agusti/tercero/primer_quatri/computadores/proyecto_final/dataset/arandelas/IMG_6669.png,arandelas,tuercas
/home/Agusti/tercero/primer_quatri/computadores/proyecto_final/dataset/arandelas/IMG_6710.png,arandelas,arandelas
/home/Agusti/tercero/primer_quatri/computadores/proyecto_final/dataset/arandelas/IMG_6693.png,arandelas,tuercas
/home/Agusti/tercero/primer_quatri/computadores/proyecto_final/dataset/arandelas/IMG_6687.png,arandelas,tuercas
/home/Agusti/tercero/primer_quatri/computadores/proyecto_final/dataset/arandelas/IMG_6819.png,arandelas,tuercas
/home/Agusti/tercero/primer_quatri/computadores/proyecto_final/dataset/arandelas/IMG_6805.png,arandelas,tuercas
/home/Agusti/tercero/primer_quatri/computadores/proyecto_final/dataset/arandelas/IMG_6793.png,arandelas,arandelas
/home/Agusti/tercero/primer_quatri/computadores/proyecto_final/dataset/arandelas/IMG_6666.png,arandelas,tuercas
/home/Agusti/tercero/primer_quatri/computadores/proyecto_final/dataset/arandelas/IMG_6775.png,arandelas,tuercas
/home/Agusti/tercero/primer_quatri/computadores/proyecto_final/dataset/arandelas/IMG_6675.png,arandelas,tuercas
/home/Agusti/tercero/primer_quatri/computadores/proyecto_final/dataset/arandelas/IMG_6798.png,arandelas,tuercas
/home/Agusti/tercero/primer_quatri/computadores/proyecto_final/dataset/arandelas/IMG_6668.png,arandelas,tuercas
/home/Agusti/tercero/primer_quatri/computadores/proyecto_final/dataset/arandelas/IMG_6746.png,arandelas,arandelas
/home/Agusti/tercero/primer_quatri/computadores/proyecto_final/dataset/arandelas/IMG_6737.png,arandelas,tuercas
/home/Agusti/tercero/primer_quatri/computadores/proyecto_final/dataset/arandelas/IMG_6750.png,arandelas,arandelas
/home/Agusti/tercero/primer_quatri/computadores/proyecto_final/dataset/arandelas/IMG_6705.png,arandelas,arandelas
/home/Agusti/tercero/primer_quatri/computadores/proyecto_final/dataset/arandelas/IMG_6804.png,arandelas,tuercas
/home/Agusti/tercero/primer_quatri/computadores/proyecto_final/dataset/arandelas/IMG_6679.png,arandelas,tuercas
/home/Agusti/tercero/primer_quatri/computadores/proyecto_final/dataset/arandelas/IMG_6799.png,arandelas,tuercas
/home/Agusti/tercero/primer_quatri/computadores/proyecto_final/dataset/arandelas/IMG_6791.png,arandelas,tuercas
/home/Agusti/tercero/primer_quatri/computadores/proyecto_final/dataset/arandelas/IMG_6790.png,arandelas,tuercas
/home/Agusti/tercero/primer_quatri/computadores/proyecto_final/dataset/arandelas/IMG_6748.png,arandelas,tuercas
/home/Agusti/tercero/primer_quatri/computadores/proyecto_final/dataset/arandelas/IMG_6695.png,arandelas,arandelas
/home/Agusti/tercero/primer_quatri/computadores/proyecto_final/dataset/arandelas/IMG_6749.png,arandelas,tuercas
/home/Agusti/tercero/primer_quatri/computadores/proyecto_final/dataset/arandelas/IMG_6694.png,arandelas,tuercas
/home/Agusti/tercero/primer_quatri/computadores/proyecto_final/dataset/arandelas/IMG_6707.png,arandelas,tuercas
/home/Agusti/tercero/primer_quatri/computadores/proyecto_final/dataset/arandelas/IMG_6733.png,arandelas,tuercas
/home/Agusti/tercero/primer_quatri/computadores/proyecto_final/dataset/arandelas/IMG_6783.png,arandelas,arandelas
/home/Agusti/tercero/primer_quatri/computadores/proyecto_final/dataset/arandelas/IMG_6743.png,arandelas,tuercas
/home/Agusti/tercero/primer_quatri/computadores/proyecto_final/dataset/arandelas/IMG_6786.png,arandelas,tuercas
/home/Agusti/tercero/primer_quatri/computadores/proyecto_final/dataset/arandelas/IMG_6825.png,arandelas,tuercas
/home/Agusti/tercero/primer_quatri/computadores/proyecto_final/dataset/arandelas/IMG_6751.png,arandelas,arandelas
/home/Agusti/tercero/primer_quatri/computadores/proyecto_final/dataset/arandelas/IMG_6744.png,arandelas,tuercas
/home/Agusti/tercero/primer_quatri/computadores/proyecto_final/dataset/arandelas/IMG_6699.png,arandelas,tuercas
/home/Agusti/tercero/primer_quatri/computadores/proyecto_final/dataset/arandelas/IMG_6659.png,arandelas,arandelas
/home/Agusti/tercero/primer_quatri/computadores/proyecto_final/dataset/arandelas/IMG_6806.png,arandelas,tuercas
/home/Agusti/tercero/primer_quatri/computadores/proyecto_final/dataset/arandelas/IMG_6782.png,arandelas,arandelas
/home/Agusti/tercero/primer_quatri/computadores/proyecto_final/dataset/arandelas/IMG_6680.png,arandelas,tuercas
/home/Agusti/tercero/primer_quatri/computadores/proyecto_final/dataset/arandelas/IMG_6764.png,arandelas,arandelas
/home/Agusti/tercero/primer_quatri/computadores/proyecto_final/dataset/arandelas/IMG_6740.png,arandelas,tuercas
/home/Agusti/tercero/primer_quatri/computadores/proyecto_final/dataset/arandelas/IMG_6685.png,arandelas,arandelas
/home/Agusti/tercero/primer_quatri/computadores/proyecto_final/dataset/arandelas/IMG_6789.png,arandelas,tuercas
/home/Agusti/tercero/primer_quatri/computadores/proyecto_final/dataset/arandelas/IMG_6714.png,arandelas,tuercas
/home/Agusti/tercero/primer_quatri/computadores/proyecto_final/dataset/arandelas/IMG_6801.png,arandelas,tuercas
/home/Agusti/tercero/primer_quatri/computadores/proyecto_final/dataset/arandelas/IMG_6698.png,arandelas,tuercas
/home/Agusti/tercero/primer_quatri/computadores/proyecto_final/dataset/arandelas/IMG_6757.png,arandelas,tuercas
/home/Agusti/tercero/primer_quatri/computadores/proyecto_final/dataset/arandelas/IMG_6692.png,arandelas,tuercas
/home/Agusti/tercero/primer_quatri/computadores/proyecto_final/dataset/arandelas/IMG_6664.png,arandelas,tuercas
/home/Agusti/tercero/primer_quatri/computadores/proyecto_final/dataset/arandelas/IMG_6762.png,arandelas,arandelas
/home/Agusti/tercero/primer_quatri/computadores/proyecto_final/dataset/arandelas/IMG_6686.png,arandelas,tuercas
/home/Agusti/tercero/primer_quatri/computadores/proyecto_final/dataset/arandelas/IMG_6717.png,arandelas,tuercas
/home/Agusti/tercero/primer_quatri/computadores/proyecto_final/dataset/arandelas/IMG_6690.png,arandelas,arandelas
/home/Agusti/tercero/primer_quatri/computadores/proyecto_final/dataset/arandelas/IMG_6812.png,arandelas,arandelas
/home/Agusti/tercero/primer_quatri/computadores/proyecto_final/dataset/arandelas/IMG_6656.png,arandelas,tuercas
/home/Agusti/tercero/primer_quatri/computadores/proyecto_final/dataset/arandelas/IMG_6724.png,arandelas,tuercas
/home/Agusti/tercero/primer_quatri/computadores/proyecto_final/dataset/arandelas/IMG_6758.png,arandelas,tuercas
/home/Agusti/tercero/primer_quatri/computadores/proyecto_final/dataset/arandelas/IMG_6708.png,arandelas,tuercas
/home/Agusti/tercero/primer_quatri/computadores/proyecto_final/dataset/arandelas/IMG_6661.png,arandelas,tuercas
/home/Agusti/tercero/primer_quatri/computadores/proyecto_final/dataset/arandelas/IMG_6676.png,arandelas,tuercas
/home/Agusti/tercero/primer_quatri/computadores/proyecto_final/dataset/arandelas/IMG_6731.png,arandelas,tuercas
/home/Agusti/tercero/primer_quatri/computadores/proyecto_final/dataset/arandelas/IMG_6752.png,arandelas,arandelas
/home/Agusti/tercero/primer_quatri/computadores/proyecto_final/dataset/arandelas/IMG_6772.png,arandelas,tuercas
/home/Agusti/tercero/primer_quatri/computadores/proyecto_final/dataset/arandelas/IMG_6728.png,arandelas,tuercas
/home/Agusti/tercero/primer_quatri/computadores/proyecto_final/dataset/arandelas/IMG_6682.png,arandelas,tuercas
/home/Agusti/tercero/primer_quatri/computadores/proyecto_final/dataset/arandelas/IMG_6736.png,arandelas,tuercas
/home/Agusti/tercero/primer_quatri/computadores/proyecto_final/dataset/arandelas/IMG_6813.png,arandelas,arandelas
/home/Agusti/tercero/primer_quatri/computadores/proyecto_final/dataset/arandelas/IMG_6827.png,arandelas,tuercas
/home/Agusti/tercero/primer_quatri/computadores/proyecto_final/dataset/arandelas/IMG_6720.png,arandelas,arandelas
/home/Agusti/tercero/primer_quatri/computadores/proyecto_final/dataset/arandelas/IMG_6703.png,arandelas,arandelas
/home/Agusti/tercero/primer_quatri/computadores/proyecto_final/dataset/arandelas/IMG_6759.png,arandelas,tuercas
/home/Agusti/tercero/primer_quatri/computadores/proyecto_final/dataset/arandelas/IMG_6753.png,arandelas,arandelas
/home/Agusti/tercero/primer_quatri/computadores/proyecto_final/dataset/arandelas/IMG_6663.png,arandelas,tuercas
/home/Agusti/tercero/primer_quatri/computadores/proyecto_final/dataset/tornillos/IMG_7083.png,tornillos,tuercas
/home/Agusti/tercero/primer_quatri/computadores/proyecto_final/dataset/tornillos/IMG_7065.png,tornillos,tuercas
/home/Agusti/tercero/primer_quatri/computadores/proyecto_final/dataset/tornillos/IMG_7090.png,tornillos,tuercas
/home/Agusti/tercero/primer_quatri/computadores/proyecto_final/dataset/tornillos/IMG_7045.png,tornillos,tuercas
/home/Agusti/tercero/primer_quatri/computadores/proyecto_final/dataset/tornillos/IMG_7081.png,tornillos,arandelas
/home/Agusti/tercero/primer_quatri/computadores/proyecto_final/dataset/tornillos/IMG_7101.png,tornillos,tuercas
/home/Agusti/tercero/primer_quatri/computadores/proyecto_final/dataset/tornillos/IMG_7026.png,tornillos,tornillos
/home/Agusti/tercero/primer_quatri/computadores/proyecto_final/dataset/tornillos/IMG_7008.png,tornillos,tuercas
/home/Agusti/tercero/primer_quatri/computadores/proyecto_final/dataset/tornillos/IMG_7066.png,tornillos,tuercas
/home/Agusti/tercero/primer_quatri/computadores/proyecto_final/dataset/tornillos/IMG_7002.png,tornillos,tuercas
/home/Agusti/tercero/primer_quatri/computadores/proyecto_final/dataset/tornillos/IMG_6992.png,tornillos,arandelas
/home/Agusti/tercero/primer_quatri/computadores/proyecto_final/dataset/tornillos/IMG_7132.png,tornillos,arandelas
/home/Agusti/tercero/primer_quatri/computadores/proyecto_final/dataset/tornillos/IMG_7126.png,tornillos,tuercas
/home/Agusti/tercero/primer_quatri/computadores/proyecto_final/dataset/tornillos/IMG_7107.png,tornillos,tornillos
/home/Agusti/tercero/primer_quatri/computadores/proyecto_final/dataset/tornillos/IMG_7058.png,tornillos,tuercas
/home/Agusti/tercero/primer_quatri/computadores/proyecto_final/dataset/tornillos/IMG_6999.png,tornillos,tuercas
/home/Agusti/tercero/primer_quatri/computadores/proyecto_final/dataset/tornillos/IMG_7115.png,tornillos,tornillos
/home/Agusti/tercero/primer_quatri/computadores/proyecto_final/dataset/tornillos/IMG_7057.png,tornillos,tuercas
/home/Agusti/tercero/primer_quatri/computadores/proyecto_final/dataset/tornillos/IMG_7114.png,tornillos,tornillos
/home/Agusti/tercero/primer_quatri/computadores/proyecto_final/dataset/tornillos/IMG_7119.png,tornillos,tuercas
/home/Agusti/tercero/primer_quatri/computadores/proyecto_final/dataset/tornillos/IMG_7134.png,tornillos,tuercas
/home/Agusti/tercero/primer_quatri/computadores/proyecto_final/dataset/tornillos/IMG_7073.png,tornillos,tuercas
/home/Agusti/tercero/primer_quatri/computadores/proyecto_final/dataset/tornillos/IMG_7032.png,tornillos,tuercas
/home/Agusti/tercero/primer_quatri/computadores/proyecto_final/dataset/tornillos/IMG_6988.png,tornillos,arandelas
/home/Agusti/tercero/primer_quatri/computadores/proyecto_final/dataset/tornillos/IMG_7022.png,tornillos,tuercas
/home/Agusti/tercero/primer_quatri/computadores/proyecto_final/dataset/tornillos/IMG_7042.png,tornillos,tuercas
/home/Agusti/tercero/primer_quatri/computadores/proyecto_final/dataset/tornillos/IMG_7106.png,tornillos,tuercas
/home/Agusti/tercero/primer_quatri/computadores/proyecto_final/dataset/tornillos/IMG_7137.png,tornillos,tuercas
/home/Agusti/tercero/primer_quatri/computadores/proyecto_final/dataset/tornillos/IMG_7112.png,tornillos,tornillos
/home/Agusti/tercero/primer_quatri/computadores/proyecto_final/dataset/tornillos/IMG_7127.png,tornillos,tuercas
/home/Agusti/tercero/primer_quatri/computadores/proyecto_final/dataset/tornillos/IMG_7089.png,tornillos,tuercas
/home/Agusti/tercero/primer_quatri/computadores/proyecto_final/dataset/tornillos/IMG_7062.png,tornillos,tuercas
/home/Agusti/tercero/primer_quatri/computadores/proyecto_final/dataset/tornillos/IMG_7061.png,tornillos,tuercas
/home/Agusti/tercero/primer_quatri/computadores/proyecto_final/dataset/tornillos/IMG_7110.png,tornillos,tuercas
/home/Agusti/tercero/primer_quatri/computadores/proyecto_final/dataset/tornillos/IMG_7121.png,tornillos,tornillos
/home/Agusti/tercero/primer_quatri/computadores/proyecto_final/dataset/tornillos/IMG_7048.png,tornillos,tuercas
/home/Agusti/tercero/primer_quatri/computadores/proyecto_final/dataset/tornillos/IMG_7015.png,tornillos,tuercas
/home/Agusti/tercero/primer_quatri/computadores/proyecto_final/dataset/tornillos/IMG_7028.png,tornillos,tuercas
/home/Agusti/tercero/primer_quatri/computadores/proyecto_final/dataset/tornillos/IMG_7093.png,tornillos,tornillos
/home/Agusti/tercero/primer_quatri/computadores/proyecto_final/dataset/tornillos/IMG_7049.png,tornillos,tuercas
/home/Agusti/tercero/primer_quatri/computadores/proyecto_final/dataset/tornillos/IMG_7023.png,tornillos,tuercas
/home/Agusti/tercero/primer_quatri/computadores/proyecto_final/dataset/tornillos/IMG_7097.png,tornillos,tuercas
/home/Agusti/tercero/primer_quatri/computadores/proyecto_final/dataset/tornillos/IMG_7064.png,tornillos,tuercas
/home/Agusti/tercero/primer_quatri/computadores/proyecto_final/dataset/tornillos/IMG_7056.png,tornillos,tuercas
/home/Agusti/tercero/primer_quatri/computadores/proyecto_final/dataset/tornillos/IMG_7044.png,tornillos,tornillos
/home/Agusti/tercero/primer_quatri/computadores/proyecto_final/dataset/tornillos/IMG_7053.png,tornillos,tuercas
/home/Agusti/tercero/primer_quatri/computadores/proyecto_final/dataset/tornillos/IMG_7001.png,tornillos,tuercas
/home/Agusti/tercero/primer_quatri/computadores/proyecto_final/dataset/tornillos/IMG_7030.png,tornillos,tuercas
/home/Agusti/tercero/primer_quatri/computadores/proyecto_final/dataset/tornillos/IMG_7016.png,tornillos,tuercas
/home/Agusti/tercero/primer_quatri/computadores/proyecto_final/dataset/tornillos/IMG_7018.png,tornillos,tuercas
/home/Agusti/tercero/primer_quatri/computadores/proyecto_final/dataset/tornillos/IMG_7111.png,tornillos,tuercas
/home/Agusti/tercero/primer_quatri/computadores/proyecto_final/dataset/tornillos/IMG_7131.png,tornillos,tuercas
/home/Agusti/tercero/primer_quatri/computadores/proyecto_final/dataset/tornillos/IMG_7039.png,tornillos,tuercas
/home/Agusti/tercero/primer_quatri/computadores/proyecto_final/dataset/tornillos/IMG_7021.png,tornillos,tornillos
/home/Agusti/tercero/primer_quatri/computadores/proyecto_final/dataset/tornillos/IMG_7038.png,tornillos,tuercas
/home/Agusti/tercero/primer_quatri/computadores/proyecto_final/dataset/tornillos/IMG_7077.png,tornillos,tuercas
/home/Agusti/tercero/primer_quatri/computadores/proyecto_final/dataset/tornillos/IMG_7035.png,tornillos,tuercas
/home/Agusti/tercero/primer_quatri/computadores/proyecto_final/dataset/tornillos/IMG_7084.png,tornillos,tuercas
/home/Agusti/tercero/primer_quatri/computadores/proyecto_final/dataset/tornillos/IMG_6987.png,tornillos,tuercas
/home/Agusti/tercero/primer_quatri/computadores/proyecto_final/dataset/tornillos/IMG_7130.png,tornillos,tuercas
/home/Agusti/tercero/primer_quatri/computadores/proyecto_final/dataset/tornillos/IMG_7124.png,tornillos,tuercas
/home/Agusti/tercero/primer_quatri/computadores/proyecto_final/dataset/tornillos/IMG_6993.png,tornillos,tuercas
/home/Agusti/tercero/primer_quatri/computadores/proyecto_final/dataset/tornillos/IMG_7055.png,tornillos,tuercas
/home/Agusti/tercero/primer_quatri/computadores/proyecto_final/dataset/tornillos/IMG_7059.png,tornillos,arandelas
/home/Agusti/tercero/primer_quatri/computadores/proyecto_final/dataset/tornillos/IMG_7117.png,tornillos,tornillos
/home/Agusti/tercero/primer_quatri/computadores/proyecto_final/dataset/tornillos/IMG_7054.png,tornillos,tuercas
/home/Agusti/tercero/primer_quatri/computadores/proyecto_final/dataset/tornillos/IMG_7020.png,tornillos,tuercas
/home/Agusti/tercero/primer_quatri/computadores/proyecto_final/dataset/tornillos/IMG_7099.png,tornillos,tuercas
/home/Agusti/tercero/primer_quatri/computadores/proyecto_final/dataset/tornillos/IMG_7071.png,tornillos,tuercas
/home/Agusti/tercero/primer_quatri/computadores/proyecto_final/dataset/tornillos/IMG_7070.png,tornillos,tuercas
/home/Agusti/tercero/primer_quatri/computadores/proyecto_final/dataset/tornillos/IMG_7091.png,tornillos,tuercas
/home/Agusti/tercero/primer_quatri/computadores/proyecto_final/dataset/tornillos/IMG_7011.png,tornillos,tornillos
/home/Agusti/tercero/primer_quatri/computadores/proyecto_final/dataset/tornillos/IMG_7027.png,tornillos,tuercas
/home/Agusti/tercero/primer_quatri/computadores/proyecto_final/dataset/tornillos/IMG_7123.png,tornillos,tuercas
/home/Agusti/tercero/primer_quatri/computadores/proyecto_final/dataset/tornillos/IMG_7087.png,tornillos,tornillos
/home/Agusti/tercero/primer_quatri/computadores/proyecto_final/dataset/tornillos/IMG_7003.png,tornillos,tuercas
/home/Agusti/tercero/primer_quatri/computadores/proyecto_final/dataset/tornillos/IMG_7074.png,tornillos,tuercas
/home/Agusti/tercero/primer_quatri/computadores/proyecto_final/dataset/tornillos/IMG_6998.png,tornillos,tuercas
/home/Agusti/tercero/primer_quatri/computadores/proyecto_final/dataset/tornillos/IMG_7105.png,tornillos,tornillos
/home/Agusti/tercero/primer_quatri/computadores/proyecto_final/dataset/tornillos/IMG_7006.png,tornillos,tuercas
/home/Agusti/tercero/primer_quatri/computadores/proyecto_final/dataset/tornillos/IMG_7079.png,tornillos,tornillos
/home/Agusti/tercero/primer_quatri/computadores/proyecto_final/dataset/tornillos/IMG_7067.png,tornillos,tuercas
/home/Agusti/tercero/primer_quatri/computadores/proyecto_final/dataset/tornillos/IMG_7019.png,tornillos,tuercas
/home/Agusti/tercero/primer_quatri/computadores/proyecto_final/dataset/tornillos/IMG_7033.png,tornillos,tuercas
/home/Agusti/tercero/primer_quatri/computadores/proyecto_final/dataset/tornillos/IMG_7052.png,tornillos,tuercas
/home/Agusti/tercero/primer_quatri/computadores/proyecto_final/dataset/tornillos/IMG_6990.png,tornillos,arandelas
/home/Agusti/tercero/primer_quatri/computadores/proyecto_final/dataset/tornillos/IMG_7116.png,tornillos,arandelas
/home/Agusti/tercero/primer_quatri/computadores/proyecto_final/dataset/tornillos/IMG_7129.png,tornillos,tuercas
/home/Agusti/tercero/primer_quatri/computadores/proyecto_final/dataset/tornillos/IMG_7103.png,tornillos,tuercas
/home/Agusti/tercero/primer_quatri/computadores/proyecto_final/dataset/tornillos/IMG_7113.png,tornillos,tornillos
/home/Agusti/tercero/primer_quatri/computadores/proyecto_final/dataset/tornillos/IMG_7005.png,tornillos,tuercas
/home/Agusti/tercero/primer_quatri/computadores/proyecto_final/dataset/tornillos/IMG_7051.png,tornillos,tuercas
/home/Agusti/tercero/primer_quatri/computadores/proyecto_final/dataset/tornillos/IMG_7007.png,tornillos,tuercas
/home/Agusti/tercero/primer_quatri/computadores/proyecto_final/dataset/tornillos/IMG_7092.png,tornillos,tuercas
/home/Agusti/tercero/primer_quatri/computadores/proyecto_final/dataset/tornillos/IMG_7139.png,tornillos,tuercas
/home/Agusti/tercero/primer_quatri/computadores/proyecto_final/dataset/tornillos/IMG_7075.png,tornillos,arandelas
/home/Agusti/tercero/primer_quatri/computadores/proyecto_final/dataset/tornillos/IMG_6989.png,tornillos,arandelas
/home/Agusti/tercero/primer_quatri/computadores/proyecto_final/dataset/tornillos/IMG_7140.png,tornillos,tuercas
/home/Agusti/tercero/primer_quatri/computadores/proyecto_final/dataset/tornillos/IMG_6991.png,tornillos,tuercas
/home/Agusti/tercero/primer_quatri/computadores/proyecto_final/dataset/tornillos/IMG_7069.png,tornillos,tuercas
/home/Agusti/tercero/primer_quatri/computadores/proyecto_final/dataset/tornillos/IMG_7085.png,tornillos,tuercas
/home/Agusti/tercero/primer_quatri/computadores/proyecto_final/dataset/tornillos/IMG_7135.png,tornillos,tuercas
/home/Agusti/tercero/primer_quatri/computadores/proyecto_final/dataset/tornillos/IMG_7098.png,tornillos,tornillos
/home/Agusti/tercero/primer_quatri/computadores/proyecto_final/dataset/tornillos/IMG_7122.png,tornillos,tuercas
/home/Agusti/tercero/primer_quatri/computadores/proyecto_final/dataset/tornillos/IMG_7068.png,tornillos,tuercas
/home/Agusti/tercero/primer_quatri/computadores/proyecto_final/dataset/tornillos/IMG_7095.png,tornillos,tornillos
/home/Agusti/tercero/primer_quatri/computadores/proyecto_final/dataset/tornillos/IMG_7080.png,tornillos,tuercas
/home/Agusti/tercero/primer_quatri/computadores/proyecto_final/dataset/tornillos/IMG_6996.png,tornillos,tuercas
/home/Agusti/tercero/primer_quatri/computadores/proyecto_final/dataset/tornillos/IMG_7013.png,tornillos,tuercas
/home/Agusti/tercero/primer_quatri/computadores/proyecto_final/dataset/tornillos/IMG_7120.png,tornillos,tuercas
/home/Agusti/tercero/primer_quatri/computadores/proyecto_final/dataset/tornillos/IMG_7063.png,tornillos,tuercas
/home/Agusti/tercero/primer_quatri/computadores/proyecto_final/dataset/tornillos/IMG_7102.png,tornillos,arandelas
/home/Agusti/tercero/primer_quatri/computadores/proyecto_final/dataset/tornillos/IMG_6997.png,tornillos,tuercas
/home/Agusti/tercero/primer_quatri/computadores/proyecto_final/dataset/tornillos/IMG_7104.png,tornillos,tuercas
/home/Agusti/tercero/primer_quatri/computadores/proyecto_final/dataset/tornillos/IMG_7009.png,tornillos,tornillos
/home/Agusti/tercero/primer_quatri/computadores/proyecto_final/dataset/tornillos/IMG_7017.png,tornillos,tuercas
/home/Agusti/tercero/primer_quatri/computadores/proyecto_final/dataset/tornillos/IMG_7094.png,tornillos,tuercas
/home/Agusti/tercero/primer_quatri/computadores/proyecto_final/dataset/tornillos/IMG_7138.png,tornillos,tuercas
/home/Agusti/tercero/primer_quatri/computadores/proyecto_final/dataset/tornillos/IMG_7088.png,tornillos,tuercas
/home/Agusti/tercero/primer_quatri/computadores/proyecto_final/dataset/tornillos/IMG_7024.png,tornillos,tornillos
/home/Agusti/tercero/primer_quatri/computadores/proyecto_final/dataset/tornillos/IMG_7050.png,tornillos,tuercas
/home/Agusti/tercero/primer_quatri/computadores/proyecto_final/dataset/tornillos/IMG_7082.png,tornillos,tuercas
/home/Agusti/tercero/primer_quatri/computadores/proyecto_final/dataset/tornillos/IMG_7100.png,tornillos,tuercas
/home/Agusti/tercero/primer_quatri/computadores/proyecto_final/dataset/tornillos/IMG_7010.png,tornillos,tuercas
/home/Agusti/tercero/primer_quatri/computadores/proyecto_final/dataset/tornillos/IMG_7076.png,tornillos,tuercas
/home/Agusti/tercero/primer_quatri/computadores/proyecto_final/dataset/tornillos/IMG_7034.png,tornillos,tuercas
/home/Agusti/tercero/primer_quatri/computadores/proyecto_final/dataset/tornillos/IMG_7014.png,tornillos,tuercas
/home/Agusti/tercero/primer_quatri/computadores/proyecto_final/dataset/tornillos/IMG_6995.png,tornillos,arandelas
/home/Agusti/tercero/primer_quatri/computadores/proyecto_final/dataset/tornillos/IMG_7004.png,tornillos,tuercas
/home/Agusti/tercero/primer_quatri/computadores/proyecto_final/dataset/tornillos/IMG_7047.png,tornillos,tuercas
/home/Agusti/tercero/primer_quatri/computadores/proyecto_final/dataset/tornillos/IMG_7108.png,tornillos,tuercas
/home/Agusti/tercero/primer_quatri/computadores/proyecto_final/dataset/tornillos/IMG_7096.png,tornillos,tuercas
/home/Agusti/tercero/primer_quatri/computadores/proyecto_final/dataset/tornillos/IMG_7136.png,tornillos,tuercas
/home/Agusti/tercero/primer_quatri/computadores/proyecto_final/dataset/tornillos/IMG_7133.png,tornillos,tuercas
/home/Agusti/tercero/primer_quatri/computadores/proyecto_final/dataset/tornillos/IMG_7037.png,tornillos,tuercas
/home/Agusti/tercero/primer_quatri/computadores/proyecto_final/dataset/tornillos/IMG_7086.png,tornillos,tuercas
/home/Agusti/tercero/primer_quatri/computadores/proyecto_final/dataset/tornillos/IMG_7012.png,tornillos,tuercas
/home/Agusti/tercero/primer_quatri/computadores/proyecto_final/dataset/tornillos/IMG_7072.png,tornillos,tuercas
/home/Agusti/tercero/primer_quatri/computadores/proyecto_final/dataset/tornillos/IMG_7118.png,tornillos,tornillos
/home/Agusti/tercero/primer_quatri/computadores/proyecto_final/dataset/tornillos/IMG_6994.png,tornillos,tuercas
/home/Agusti/tercero/primer_quatri/computadores/proyecto_final/dataset/tornillos/IMG_7040.png,tornillos,tuercas
/home/Agusti/tercero/primer_quatri/computadores/proyecto_final/dataset/tornillos/IMG_7036.png,tornillos,tuercas
/home/Agusti/tercero/primer_quatri/computadores/proyecto_final/dataset/tornillos/IMG_7046.png,tornillos,tuercas
/home/Agusti/tercero/primer_quatri/computadores/proyecto_final/dataset/tornillos/IMG_7031.png,tornillos,tuercas
/home/Agusti/tercero/primer_quatri/computadores/proyecto_final/dataset/tornillos/IMG_7029.png,tornillos,tuercas
/home/Agusti/tercero/primer_quatri/computadores/proyecto_final/dataset/tornillos/IMG_7109.png,tornillos,tuercas
/home/Agusti/tercero/primer_quatri/computadores/proyecto_final/dataset/tornillos/IMG_7043.png,tornillos,tuercas
/home/Agusti/tercero/primer_quatri/computadores/proyecto_final/dataset/tornillos/IMG_7128.png,tornillos,tuercas
/home/Agusti/tercero/primer_quatri/computadores/proyecto_final/dataset/tornillos/IMG_7125.png,tornillos,tuercas
/home/Agusti/tercero/primer_quatri/computadores/proyecto_final/dataset/tornillos/IMG_7060.png,tornillos,arandelas
/home/Agusti/tercero/primer_quatri/computadores/proyecto_final/dataset/tornillos/IMG_7078.png,tornillos,tuercas
/home/Agusti/tercero/primer_quatri/computadores/proyecto_final/dataset/tornillos/IMG_7041.png,tornillos,tuercas
/home/Agusti/tercero/primer_quatri/computadores/proyecto_final/dataset/tornillos/IMG_7025.png,tornillos,tuercas
/home/Agusti/tercero/primer_quatri/computadores/proyecto_final/dataset/tuercas/IMG_6973.png,tuercas,tuercas
/home/Agusti/tercero/primer_quatri/computadores/proyecto_final/dataset/tuercas/IMG_6866.png,tuercas,arandelas
/home/Agusti/tercero/primer_quatri/computadores/proyecto_final/dataset/tuercas/IMG_6980.png,tuercas,tuercas
/home/Agusti/tercero/primer_quatri/computadores/proyecto_final/dataset/tuercas/IMG_6854.png,tuercas,tuercas
/home/Agusti/tercero/primer_quatri/computadores/proyecto_final/dataset/tuercas/IMG_6911.png,tuercas,tuercas
/home/Agusti/tercero/primer_quatri/computadores/proyecto_final/dataset/tuercas/IMG_6909.png,tuercas,tuercas
/home/Agusti/tercero/primer_quatri/computadores/proyecto_final/dataset/tuercas/IMG_6908.png,tuercas,tuercas
/home/Agusti/tercero/primer_quatri/computadores/proyecto_final/dataset/tuercas/IMG_6943.png,tuercas,tuercas
/home/Agusti/tercero/primer_quatri/computadores/proyecto_final/dataset/tuercas/IMG_6883.png,tuercas,tuercas
/home/Agusti/tercero/primer_quatri/computadores/proyecto_final/dataset/tuercas/IMG_6944.png,tuercas,tuercas
/home/Agusti/tercero/primer_quatri/computadores/proyecto_final/dataset/tuercas/IMG_6952.png,tuercas,tuercas
/home/Agusti/tercero/primer_quatri/computadores/proyecto_final/dataset/tuercas/IMG_6928.png,tuercas,tuercas
/home/Agusti/tercero/primer_quatri/computadores/proyecto_final/dataset/tuercas/IMG_6848.png,tuercas,tuercas
/home/Agusti/tercero/primer_quatri/computadores/proyecto_final/dataset/tuercas/IMG_6857.png,tuercas,arandelas
/home/Agusti/tercero/primer_quatri/computadores/proyecto_final/dataset/tuercas/IMG_6872.png,tuercas,tuercas
/home/Agusti/tercero/primer_quatri/computadores/proyecto_final/dataset/tuercas/IMG_6962.png,tuercas,tuercas
/home/Agusti/tercero/primer_quatri/computadores/proyecto_final/dataset/tuercas/IMG_6957.png,tuercas,tuercas
/home/Agusti/tercero/primer_quatri/computadores/proyecto_final/dataset/tuercas/IMG_6940.png,tuercas,tuercas
/home/Agusti/tercero/primer_quatri/computadores/proyecto_final/dataset/tuercas/IMG_6892.png,tuercas,tuercas
/home/Agusti/tercero/primer_quatri/computadores/proyecto_final/dataset/tuercas/IMG_6930.png,tuercas,tuercas
/home/Agusti/tercero/primer_quatri/computadores/proyecto_final/dataset/tuercas/IMG_6985.png,tuercas,tuercas
/home/Agusti/tercero/primer_quatri/computadores/proyecto_final/dataset/tuercas/IMG_6880.png,tuercas,tuercas
/home/Agusti/tercero/primer_quatri/computadores/proyecto_final/dataset/tuercas/IMG_6844.png,tuercas,tuercas
/home/Agusti/tercero/primer_quatri/computadores/proyecto_final/dataset/tuercas/IMG_6900.png,tuercas,tuercas
/home/Agusti/tercero/primer_quatri/computadores/proyecto_final/dataset/tuercas/IMG_6919.png,tuercas,arandelas
/home/Agusti/tercero/primer_quatri/computadores/proyecto_final/dataset/tuercas/IMG_6860.png,tuercas,tuercas
/home/Agusti/tercero/primer_quatri/computadores/proyecto_final/dataset/tuercas/IMG_6933.png,tuercas,tuercas
/home/Agusti/tercero/primer_quatri/computadores/proyecto_final/dataset/tuercas/IMG_6895.png,tuercas,tuercas
/home/Agusti/tercero/primer_quatri/computadores/proyecto_final/dataset/tuercas/IMG_6979.png,tuercas,tuercas
/home/Agusti/tercero/primer_quatri/computadores/proyecto_final/dataset/tuercas/IMG_6917.png,tuercas,tuercas
/home/Agusti/tercero/primer_quatri/computadores/proyecto_final/dataset/tuercas/IMG_6893.png,tuercas,tuercas
/home/Agusti/tercero/primer_quatri/computadores/proyecto_final/dataset/tuercas/IMG_6956.png,tuercas,tuercas
/home/Agusti/tercero/primer_quatri/computadores/proyecto_final/dataset/tuercas/IMG_6958.png,tuercas,tuercas
/home/Agusti/tercero/primer_quatri/computadores/proyecto_final/dataset/tuercas/IMG_6898.png,tuercas,tuercas
/home/Agusti/tercero/primer_quatri/computadores/proyecto_final/dataset/tuercas/IMG_6887.png,tuercas,tuercas
/home/Agusti/tercero/primer_quatri/computadores/proyecto_final/dataset/tuercas/IMG_6961.png,tuercas,tuercas
/home/Agusti/tercero/primer_quatri/computadores/proyecto_final/dataset/tuercas/IMG_6921.png,tuercas,tuercas
/home/Agusti/tercero/primer_quatri/computadores/proyecto_final/dataset/tuercas/IMG_6890.png,tuercas,tuercas
/home/Agusti/tercero/primer_quatri/computadores/proyecto_final/dataset/tuercas/IMG_6881.png,tuercas,tuercas
/home/Agusti/tercero/primer_quatri/computadores/proyecto_final/dataset/tuercas/IMG_6846.png,tuercas,tuercas
/home/Agusti/tercero/primer_quatri/computadores/proyecto_final/dataset/tuercas/IMG_6869.png,tuercas,tuercas
/home/Agusti/tercero/primer_quatri/computadores/proyecto_final/dataset/tuercas/IMG_6896.png,tuercas,tuercas
/home/Agusti/tercero/primer_quatri/computadores/proyecto_final/dataset/tuercas/IMG_6939.png,tuercas,tuercas
/home/Agusti/tercero/primer_quatri/computadores/proyecto_final/dataset/tuercas/IMG_6849.png,tuercas,tornillos
/home/Agusti/tercero/primer_quatri/computadores/proyecto_final/dataset/tuercas/IMG_6915.png,tuercas,tuercas
/home/Agusti/tercero/primer_quatri/computadores/proyecto_final/dataset/tuercas/IMG_6976.png,tuercas,tuercas
/home/Agusti/tercero/primer_quatri/computadores/proyecto_final/dataset/tuercas/IMG_6841.png,tuercas,tuercas
/home/Agusti/tercero/primer_quatri/computadores/proyecto_final/dataset/tuercas/IMG_6975.png,tuercas,tuercas
/home/Agusti/tercero/primer_quatri/computadores/proyecto_final/dataset/tuercas/IMG_6879.png,tuercas,arandelas
/home/Agusti/tercero/primer_quatri/computadores/proyecto_final/dataset/tuercas/IMG_6913.png,tuercas,tuercas
/home/Agusti/tercero/primer_quatri/computadores/proyecto_final/dataset/tuercas/IMG_6878.png,tuercas,tuercas
/home/Agusti/tercero/primer_quatri/computadores/proyecto_final/dataset/tuercas/IMG_6904.png,tuercas,arandelas
/home/Agusti/tercero/primer_quatri/computadores/proyecto_final/dataset/tuercas/IMG_6865.png,tuercas,tuercas
/home/Agusti/tercero/primer_quatri/computadores/proyecto_final/dataset/tuercas/IMG_6932.png,tuercas,tuercas
/home/Agusti/tercero/primer_quatri/computadores/proyecto_final/dataset/tuercas/IMG_6902.png,tuercas,tuercas
/home/Agusti/tercero/primer_quatri/computadores/proyecto_final/dataset/tuercas/IMG_6931.png,tuercas,tornillos
/home/Agusti/tercero/primer_quatri/computadores/proyecto_final/dataset/tuercas/IMG_6873.png,tuercas,tuercas
/home/Agusti/tercero/primer_quatri/computadores/proyecto_final/dataset/tuercas/IMG_6870.png,tuercas,tuercas
/home/Agusti/tercero/primer_quatri/computadores/proyecto_final/dataset/tuercas/IMG_6856.png,tuercas,tuercas
/home/Agusti/tercero/primer_quatri/computadores/proyecto_final/dataset/tuercas/IMG_6923.png,tuercas,tuercas
/home/Agusti/tercero/primer_quatri/computadores/proyecto_final/dataset/tuercas/IMG_6970.png,tuercas,tuercas
/home/Agusti/tercero/primer_quatri/computadores/proyecto_final/dataset/tuercas/IMG_6947.png,tuercas,tuercas
/home/Agusti/tercero/primer_quatri/computadores/proyecto_final/dataset/tuercas/IMG_6886.png,tuercas,tuercas
/home/Agusti/tercero/primer_quatri/computadores/proyecto_final/dataset/tuercas/IMG_6959.png,tuercas,tuercas
/home/Agusti/tercero/primer_quatri/computadores/proyecto_final/dataset/tuercas/IMG_6871.png,tuercas,tuercas
/home/Agusti/tercero/primer_quatri/computadores/proyecto_final/dataset/tuercas/IMG_6934.png,tuercas,tuercas
/home/Agusti/tercero/primer_quatri/computadores/proyecto_final/dataset/tuercas/IMG_6963.png,tuercas,tuercas
/home/Agusti/tercero/primer_quatri/computadores/proyecto_final/dataset/tuercas/IMG_6946.png,tuercas,tuercas
/home/Agusti/tercero/primer_quatri/computadores/proyecto_final/dataset/tuercas/IMG_6910.png,tuercas,tuercas
/home/Agusti/tercero/primer_quatri/computadores/proyecto_final/dataset/tuercas/IMG_6938.png,tuercas,tuercas
/home/Agusti/tercero/primer_quatri/computadores/proyecto_final/dataset/tuercas/IMG_6867.png,tuercas,arandelas
/home/Agusti/tercero/primer_quatri/computadores/proyecto_final/dataset/tuercas/IMG_6966.png,tuercas,tuercas
/home/Agusti/tercero/primer_quatri/computadores/proyecto_final/dataset/tuercas/IMG_6948.png,tuercas,tuercas
/home/Agusti/tercero/primer_quatri/computadores/proyecto_final/dataset/tuercas/IMG_6864.png,tuercas,tuercas
/home/Agusti/tercero/primer_quatri/computadores/proyecto_final/dataset/tuercas/IMG_6877.png,tuercas,tuercas
/home/Agusti/tercero/primer_quatri/computadores/proyecto_final/dataset/tuercas/IMG_6982.png,tuercas,tuercas
/home/Agusti/tercero/primer_quatri/computadores/proyecto_final/dataset/tuercas/IMG_6855.png,tuercas,tuercas
/home/Agusti/tercero/primer_quatri/computadores/proyecto_final/dataset/tuercas/IMG_6858.png,tuercas,arandelas
/home/Agusti/tercero/primer_quatri/computadores/proyecto_final/dataset/tuercas/IMG_6984.png,tuercas,tornillos
/home/Agusti/tercero/primer_quatri/computadores/proyecto_final/dataset/tuercas/IMG_6889.png,tuercas,tuercas
/home/Agusti/tercero/primer_quatri/computadores/proyecto_final/dataset/tuercas/IMG_6853.png,tuercas,tuercas
/home/Agusti/tercero/primer_quatri/computadores/proyecto_final/dataset/tuercas/IMG_6903.png,tuercas,tuercas
/home/Agusti/tercero/primer_quatri/computadores/proyecto_final/dataset/tuercas/IMG_6929.png,tuercas,tuercas
/home/Agusti/tercero/primer_quatri/computadores/proyecto_final/dataset/tuercas/IMG_6847.png,tuercas,tuercas
/home/Agusti/tercero/primer_quatri/computadores/proyecto_final/dataset/tuercas/IMG_6882.png,tuercas,tuercas
/home/Agusti/tercero/primer_quatri/computadores/proyecto_final/dataset/tuercas/IMG_6968.png,tuercas,arandelas
/home/Agusti/tercero/primer_quatri/computadores/proyecto_final/dataset/tuercas/IMG_6868.png,tuercas,arandelas
/home/Agusti/tercero/primer_quatri/computadores/proyecto_final/dataset/tuercas/IMG_6914.png,tuercas,tuercas
/home/Agusti/tercero/primer_quatri/computadores/proyecto_final/dataset/tuercas/IMG_6843.png,tuercas,tuercas
/home/Agusti/tercero/primer_quatri/computadores/proyecto_final/dataset/tuercas/IMG_6925.png,tuercas,tuercas
/home/Agusti/tercero/primer_quatri/computadores/proyecto_final/dataset/tuercas/IMG_6964.png,tuercas,tuercas
/home/Agusti/tercero/primer_quatri/computadores/proyecto_final/dataset/tuercas/IMG_6986.png,tuercas,tuercas
/home/Agusti/tercero/primer_quatri/computadores/proyecto_final/dataset/tuercas/IMG_6907.png,tuercas,tuercas
/home/Agusti/tercero/primer_quatri/computadores/proyecto_final/dataset/tuercas/IMG_6945.png,tuercas,tuercas
/home/Agusti/tercero/primer_quatri/computadores/proyecto_final/dataset/tuercas/IMG_6888.png,tuercas,tuercas
/home/Agusti/tercero/primer_quatri/computadores/proyecto_final/dataset/tuercas/IMG_6942.png,tuercas,tornillos
/home/Agusti/tercero/primer_quatri/computadores/proyecto_final/dataset/tuercas/IMG_6916.png,tuercas,arandelas
/home/Agusti/tercero/primer_quatri/computadores/proyecto_final/dataset/tuercas/IMG_6954.png,tuercas,tuercas
/home/Agusti/tercero/primer_quatri/computadores/proyecto_final/dataset/tuercas/IMG_6842.png,tuercas,tuercas
/home/Agusti/tercero/primer_quatri/computadores/proyecto_final/dataset/tuercas/IMG_6955.png,tuercas,tuercas
/home/Agusti/tercero/primer_quatri/computadores/proyecto_final/dataset/tuercas/IMG_6922.png,tuercas,tuercas
/home/Agusti/tercero/primer_quatri/computadores/proyecto_final/dataset/tuercas/IMG_6935.png,tuercas,tuercas
/home/Agusti/tercero/primer_quatri/computadores/proyecto_final/dataset/tuercas/IMG_6941.png,tuercas,tornillos
/home/Agusti/tercero/primer_quatri/computadores/proyecto_final/dataset/tuercas/IMG_6884.png,tuercas,tuercas
/home/Agusti/tercero/primer_quatri/computadores/proyecto_final/dataset/tuercas/IMG_6971.png,tuercas,tuercas
/home/Agusti/tercero/primer_quatri/computadores/proyecto_final/dataset/tuercas/IMG_6926.png,tuercas,tuercas
/home/Agusti/tercero/primer_quatri/computadores/proyecto_final/dataset/tuercas/IMG_6969.png,tuercas,tuercas
/home/Agusti/tercero/primer_quatri/computadores/proyecto_final/dataset/tuercas/IMG_6876.png,tuercas,tuercas
/home/Agusti/tercero/primer_quatri/computadores/proyecto_final/dataset/tuercas/IMG_6918.png,tuercas,tuercas
/home/Agusti/tercero/primer_quatri/computadores/proyecto_final/dataset/tuercas/IMG_6951.png,tuercas,tuercas
/home/Agusti/tercero/primer_quatri/computadores/proyecto_final/dataset/tuercas/IMG_6972.png,tuercas,tuercas
/home/Agusti/tercero/primer_quatri/computadores/proyecto_final/dataset/tuercas/IMG_6905.png,tuercas,arandelas
/home/Agusti/tercero/primer_quatri/computadores/proyecto_final/dataset/tuercas/IMG_6949.png,tuercas,tuercas
/home/Agusti/tercero/primer_quatri/computadores/proyecto_final/dataset/tuercas/IMG_6891.png,tuercas,tuercas
/home/Agusti/tercero/primer_quatri/computadores/proyecto_final/dataset/tuercas/IMG_6863.png,tuercas,tuercas
/home/Agusti/tercero/primer_quatri/computadores/proyecto_final/dataset/tuercas/IMG_6850.png,tuercas,tornillos
/home/Agusti/tercero/primer_quatri/computadores/proyecto_final/dataset/tuercas/IMG_6936.png,tuercas,tuercas
/home/Agusti/tercero/primer_quatri/computadores/proyecto_final/dataset/tuercas/IMG_6885.png,tuercas,tuercas
/home/Agusti/tercero/primer_quatri/computadores/proyecto_final/dataset/tuercas/IMG_6875.png,tuercas,tuercas
/home/Agusti/tercero/primer_quatri/computadores/proyecto_final/dataset/tuercas/IMG_6861.png,tuercas,tuercas
/home/Agusti/tercero/primer_quatri/computadores/proyecto_final/dataset/tuercas/IMG_6924.png,tuercas,tuercas
/home/Agusti/tercero/primer_quatri/computadores/proyecto_final/dataset/tuercas/IMG_6937.png,tuercas,tuercas
/home/Agusti/tercero/primer_quatri/computadores/proyecto_final/dataset/tuercas/IMG_6953.png,tuercas,tuercas
/home/Agusti/tercero/primer_quatri/computadores/proyecto_final/dataset/tuercas/IMG_6950.png,tuercas,tuercas
/home/Agusti/tercero/primer_quatri/computadores/proyecto_final/dataset/tuercas/IMG_6859.png,tuercas,tuercas
/home/Agusti/tercero/primer_quatri/computadores/proyecto_final/dataset/tuercas/IMG_6897.png,tuercas,tornillos
/home/Agusti/tercero/primer_quatri/computadores/proyecto_final/dataset/tuercas/IMG_6862.png,tuercas,tuercas
/home/Agusti/tercero/primer_quatri/computadores/proyecto_final/dataset/tuercas/IMG_6967.png,tuercas,tuercas
/home/Agusti/tercero/primer_quatri/computadores/proyecto_final/dataset/tuercas/IMG_6920.png,tuercas,tuercas
/home/Agusti/tercero/primer_quatri/computadores/proyecto_final/dataset/tuercas/IMG_6874.png,tuercas,arandelas
/home/Agusti/tercero/primer_quatri/computadores/proyecto_final/dataset/tuercas/IMG_6899.png,tuercas,tuercas
/home/Agusti/tercero/primer_quatri/computadores/proyecto_final/dataset/tuercas/IMG_6978.png,tuercas,arandelas
/home/Agusti/tercero/primer_quatri/computadores/proyecto_final/dataset/tuercas/IMG_6901.png,tuercas,tuercas
/home/Agusti/tercero/primer_quatri/computadores/proyecto_final/dataset/tuercas/IMG_6974.png,tuercas,tuercas
/home/Agusti/tercero/primer_quatri/computadores/proyecto_final/dataset/tuercas/IMG_6845.png,tuercas,tuercas
/home/Agusti/tercero/primer_quatri/computadores/proyecto_final/dataset/tuercas/IMG_6983.png,tuercas,tuercas
/home/Agusti/tercero/primer_quatri/computadores/proyecto_final/dataset/tuercas/IMG_6906.png,tuercas,tuercas
/home/Agusti/tercero/primer_quatri/computadores/proyecto_final/dataset/tuercas/IMG_6981.png,tuercas,arandelas
/home/Agusti/tercero/primer_quatri/computadores/proyecto_final/dataset/tuercas/IMG_6894.png,tuercas,tuercas
/home/Agusti/tercero/primer_quatri/computadores/proyecto_final/dataset/tuercas/IMG_6977.png,tuercas,tuercas
/home/Agusti/tercero/primer_quatri/computadores/proyecto_final/dataset/tuercas/IMG_6912.png,tuercas,tuercas
/home/Agusti/tercero/primer_quatri/computadores/proyecto_final/dataset/tuercas/IMG_6852.png,tuercas,tuercas
/home/Agusti/tercero/primer_quatri/computadores/proyecto_final/dataset/tuercas/IMG_6960.png,tuercas,tuercas
/home/Agusti/tercero/primer_quatri/computadores/proyecto_final/dataset/tuercas/IMG_6851.png,tuercas,tuercas
